{"eval/mean_reward": 3097.755211307326, "eval/mean_ep_length": 500.0, "eval/best_mean_reward": 4995.499926600778, "rollout/adjusted_reward": 5.9661431312561035, "torque/greater_than_0.5": 9244, "torque/greater_than_0.3": 10220, "torque/greater_than_0.25": 10234, "torque/mean_motor0": 0.31816667318344116, "torque/mean_motor1": 0.3600749671459198, "torque/mean_motor2": 0.476243793964386, "torque/mean_motor3": 0.3265470862388611, "torque/mean_motor4": 0.3863292634487152, "torque/mean_motor5": 0.33041128516197205, "torque/mean_motor6": 0.35677796602249146, "torque/mean_motor7": 0.47509765625, "time/iterations": 489, "time/fps": 787, "time/time_elapsed": 6357, "time/total_timesteps": 5007360, "infos/reward_forward": 0.30292654407003516, "infos/reward_ctrl": -1.0492514064908027, "infos/reward_contact": 0.0, "infos/reward_survive": 1.0, "infos/x_position": -0.2707331226673258, "infos/y_position": 4.225387362688255, "infos/distance_from_origin": 4.275500285191253, "infos/x_velocity": 0.30292654407003516, "infos/y_velocity": 0.500984381321552, "infos/forward_reward": 0.30292654407003516, "infos/cost": 0.0, "rollout/ep_rew_mean": 2943.64850019, "rollout/ep_len_mean": 500.0, "_step": 5007360, "_runtime": 6397, "_timestamp": 1610112742, "train/learning_rate": 3e-05, "train/entropy_loss": 1.2060862801223993, "train/policy_gradient_loss": -0.0007344816210621628, "train/reward_value_loss": 0.01750019065060769, "train/cost_value_loss": 8.966892740147614e-07, "train/approx_kl": 0.040815241634845734, "train/clip_fraction": 0.0972802734375, "train/loss": 0.00224929372780025, "train/mean_reward_advantages": -0.005083019845187664, "train/mean_cost_advantages": -0.00013719478738494217, "train/reward_explained_variance": 0.5223056375980377, "train/cost_explained_variance": 0.8267435133457184, "train/nu": 18.85123062133789, "train/nu_loss": -0.0, "train/average_cost": 0.0, "train/total_cost": 0.0, "train/early_stop_epoch": 20, "train/std": 0.21201753616333008, "train/n_updates": 9760, "train/clip_range": 0.4}